Codon,AA_Name,AA_Code
GCT,Alanine,A
GCC,Alanine,A
GCA,Alanine,A
GCG,Alanine,A
CGT,Arginine,R
CGC,Arginine,R
CGA,Arginine,R
CGG,Arginine,R
AGA,Arginine,R
AGG,Arginine,R
AAT,Asparagine,N
AAC,Asparagine,N
GAT,Aspartic_Acid,D
GAC,Aspartic_Acid,D
TGT,Cysteine,C
TGC,Cysteine,C
CAA,Glutamine,Q
CAG,Glutamine,Q
GAA,Glutamic_Acid,E
GAG,Glutamic_Acid,E
GGT,Glycine,G
GGC,Glycine,G
GGA,Glycine,G
GGG,Glycine,G
CAT,Histidine,H
CAC,Histidine,H
ATT,Isoleucine,I
ATC,Isoleucine,I
ATA,Isoleucine,I
TTA,Leucine,L
TTG,Leucine,L
CTT,Leucine,L
CTC,Leucine,L
CTA,Leucine,L
CTG,Leucine,L
AAA,Lysine,K
AAG,Lysine,K
ATG,Methionine,M
TTT,Phenylalanine,F
TTC,Phenylalanine,F
CCT,Proline,P
CCC,Proline,P
CCA,Proline,P
CCG,Proline,P
TCT,Serine,S
TCC,Serine,S
TCA,Serine,S
TCG,Serine,S
AGT,Serine,S
AGC,Serine,S
ACT,Threonine,T
ACC,Threonine,T
ACA,Threonine,T
ACG,Threonine,T
TGG,Tryptophan,W
TAT,Tyrosine,Y
TAC,Tyrosine,Y
GTT,Valine,V
GTC,Valine,V
GTA,Valine,V
GTG,Valine,V
TAA,STOP,_
TAG,STOP,_
TGA,STOP,_