Codon,AA_Name,AA_Code,Pct_Replicase,Pct_Spike,Pct_Diff,RSCU_Replicase,RSCU_Spike,RSCU_Diff
GCT,Alanine,A,42.54,34.18,-8.36,1.7,1.37,-0.33
GCC,Alanine,A,15.47,15.19,-0.28,0.62,0.61,-0.01
GCA,Alanine,A,34.81,41.77,6.96,1.39,1.67,0.28
GCG,Alanine,A,7.18,8.86,1.68,0.29,0.35,0.06
CGT,Arginine,R,16.54,7.32,-9.22,0.99,0.44,-0.55
CGC,Arginine,R,9.02,2.44,-6.58,0.54,0.15,-0.39
CGA,Arginine,R,12.78,4.88,-7.9,0.77,0.29,-0.48
CGG,Arginine,R,3.76,4.88,1.12,0.23,0.29,0.06
AGA,Arginine,R,42.86,56.1,13.24,2.57,3.37,0.8
AGG,Arginine,R,15.04,24.39,9.35,0.9,1.46,0.56
AAT,Asparagine,N,69.4,58.82,-10.58,1.39,1.18,-0.21
AAC,Asparagine,N,30.6,41.18,10.58,0.61,0.82,0.21
GAT,Aspartic_Acid,D,67.73,63.1,-4.63,1.35,1.26,-0.09
GAC,Aspartic_Acid,D,32.27,36.9,4.63,0.65,0.74,0.09
TGT,Cysteine,C,81.29,70.0,-11.29,1.63,1.4,-0.23
TGC,Cysteine,C,18.71,30.0,11.29,0.37,0.6,0.23
CAA,Glutamine,Q,72.73,73.44,0.71,1.45,1.47,0.02
CAG,Glutamine,Q,27.27,26.56,-0.71,0.55,0.53,-0.02
GAA,Glutamic_Acid,E,74.6,73.17,-1.43,1.49,1.46,-0.03
GAG,Glutamic_Acid,E,25.4,26.83,1.43,0.51,0.54,0.03
GGT,Glycine,G,64.75,54.88,-9.87,2.59,2.2,-0.39
GGC,Glycine,G,14.56,23.17,8.61,0.58,0.93,0.35
GGA,Glycine,G,14.56,17.07,2.51,0.58,0.68,0.1
GGG,Glycine,G,6.13,4.88,-1.25,0.25,0.2,-0.05
CAT,Histidine,H,66.0,52.94,-13.06,1.32,1.06,-0.26
CAC,Histidine,H,34.0,47.06,13.06,0.68,0.94,0.26
ATT,Isoleucine,I,55.77,53.25,-2.52,1.67,1.6,-0.07
ATC,Isoleucine,I,25.32,23.38,-1.94,0.76,0.7,-0.06
ATA,Isoleucine,I,18.91,23.38,4.47,0.57,0.7,0.13
TTA,Leucine,L,26.9,25.45,-1.45,1.61,1.53,-0.08
TTG,Leucine,L,17.93,16.36,-1.57,1.08,0.98,-0.1
CTT,Leucine,L,29.66,34.55,4.89,1.78,2.07,0.29
CTC,Leucine,L,6.9,9.09,2.19,0.41,0.55,0.14
CTA,Leucine,L,12.76,12.73,-0.03,0.77,0.76,-0.01
CTG,Leucine,L,5.86,1.82,-4.04,0.35,0.11,-0.24
AAA,Lysine,K,65.8,51.65,-14.15,1.32,1.03,-0.29
AAG,Lysine,K,34.2,48.35,14.15,0.68,0.97,0.29
ATG,Methionine,M,100.0,100.0,0.0,1.0,1.0,0.0
TTT,Phenylalanine,F,68.95,57.14,-11.81,1.38,1.14,-0.24
TTC,Phenylalanine,F,31.05,42.86,11.81,0.62,0.86,0.24
CCT,Proline,P,39.75,41.03,1.28,1.59,1.64,0.05
CCC,Proline,P,8.7,8.97,0.27,0.35,0.36,0.01
CCA,Proline,P,44.1,42.31,-1.79,1.76,1.69,-0.07
CCG,Proline,P,7.45,7.69,0.24,0.3,0.31,0.01
TCT,Serine,S,28.91,24.0,-4.91,1.73,1.44,-0.29
TCC,Serine,S,11.56,13.33,1.77,0.69,0.8,0.11
TCA,Serine,S,20.07,20.0,-0.07,1.2,1.2,0.0
TCG,Serine,S,3.4,5.33,1.93,0.2,0.32,0.12
AGT,Serine,S,25.85,18.0,-7.85,1.55,1.08,-0.47
AGC,Serine,S,10.2,19.33,9.13,0.61,1.16,0.55
ACT,Threonine,T,46.39,43.27,-3.12,1.86,1.73,-0.13
ACC,Threonine,T,17.53,22.12,4.59,0.7,0.88,0.18
ACA,Threonine,T,32.3,29.81,-2.49,1.29,1.19,-0.1
ACG,Threonine,T,3.78,4.81,1.03,0.15,0.19,0.04
TGG,Tryptophan,W,100.0,100.0,0.0,1.0,1.0,0.0
TAT,Tyrosine,Y,57.44,78.18,20.74,1.15,1.56,0.41
TAC,Tyrosine,Y,42.56,21.82,-20.74,0.85,0.44,-0.41
GTT,Valine,V,53.56,43.18,-10.38,2.14,1.73,-0.41
GTC,Valine,V,11.68,21.59,9.91,0.47,0.86,0.39
GTA,Valine,V,27.35,31.82,4.47,1.09,1.27,0.18
GTG,Valine,V,7.41,3.41,-4.0,0.3,0.14,-0.16
TAA,STOP,_,100.0,50.0,-50.0,3.0,1.5,-1.5
TAG,STOP,_,0.0,0.0,0.0,0.0,0.0,0.0
TGA,STOP,_,0.0,50.0,50.0,0.0,1.5,1.5