Codon,AA_Name,AA_Code,RSCU_Replicase,RSCU_Spike,RSCU_Diff,RSCU_Pct_Diff,Replicase_RSCU_Category,Spike_RSCU_Category,RSCU_Category_Changed,,Legend
GCT,Alanine,A,2.16,2.13,-0.03,-1.25,Highly favored,Highly favored,,,Highly unfavored: RSCU < 0.60
GCC,Alanine,A,0.6,0.42,-0.19,-30.89,Unfavored,Highly unfavored,DOWN,,Unfavored: 0.60 ˛ RSCU < 0.90
GCA,Alanine,A,1.07,1.35,0.28,26.01,Stable,Favored,UP,,Stable / ~neutral: 0.90 ˛ RSCU ˛ 1.10
GCG,Alanine,A,0.17,0.1,-0.07,-38.86,Highly unfavored,Highly unfavored,,,Favored: 1.10 < RSCU ˛ 1.60
CGT,Arginine,R,1.53,1.61,0.08,4.95,Favored,Highly favored,UP,,Highly favored: RSCU > 1.60
CGC,Arginine,R,0.54,0.15,-0.4,-72.97,Highly unfavored,Highly unfavored,,,
CGA,Arginine,R,0.32,0.15,-0.17,-53.66,Highly unfavored,Highly unfavored,,,
CGG,Arginine,R,0.14,0.29,0.16,116.26,Highly unfavored,Highly unfavored,,,
AGA,Arginine,R,2.57,2.34,-0.23,-8.94,Highly favored,Highly favored,,,
AGG,Arginine,R,0.9,1.46,0.56,62.2,Stable,Favored,UP,,
AAT,Asparagine,N,1.39,1.18,-0.21,-15.24,Favored,Favored,,,
AAC,Asparagine,N,0.61,0.82,0.21,34.55,Unfavored,Unfavored,,,
GAT,Aspartic_Acid,D,1.27,1.39,0.12,9.21,Favored,Favored,,,
GAC,Aspartic_Acid,D,0.73,0.61,-0.12,-16.02,Unfavored,Unfavored,,,
TGT,Cysteine,C,1.63,1.4,-0.23,-13.89,Highly favored,Favored,DOWN,,
TGC,Cysteine,C,0.37,0.6,0.23,60.38,Highly unfavored,Unfavored,UP,,
CAA,Glutamine,Q,1.3,1.49,0.19,14.91,Favored,Favored,,,
CAG,Glutamine,Q,0.7,0.51,-0.19,-27.57,Unfavored,Highly unfavored,DOWN,,
GAA,Glutamic_Acid,E,1.47,1.48,0.01,0.49,Favored,Favored,,,
GAG,Glutamic_Acid,E,0.53,0.52,-0.01,-1.37,Highly unfavored,Highly unfavored,,,
GGT,Glycine,G,2.59,2.2,-0.39,-15.25,Highly favored,Highly favored,,,
GGC,Glycine,G,0.64,0.73,0.09,13.68,Unfavored,Unfavored,,,
GGA,Glycine,G,0.67,0.88,0.2,30.21,Unfavored,Unfavored,,,
GGG,Glycine,G,0.09,0.2,0.1,112.2,Highly unfavored,Highly unfavored,,,
CAT,Histidine,H,1.39,1.41,0.02,1.22,Favored,Favored,,,
CAC,Histidine,H,0.61,0.59,-0.02,-2.81,Unfavored,Highly unfavored,DOWN,,
ATT,Isoleucine,I,1.55,1.69,0.14,8.9,Favored,Highly favored,UP,,
ATC,Isoleucine,I,0.51,0.58,0.06,12.35,Highly unfavored,Highly unfavored,,,
ATA,Isoleucine,I,0.93,0.73,-0.2,-21.63,Stable,Unfavored,DOWN,,
TTA,Leucine,L,1.61,1.58,-0.03,-1.98,Highly favored,Favored,DOWN,,
TTG,Leucine,L,1.23,1.09,-0.14,-11.13,Favored,Stable,DOWN,,
CTT,Leucine,L,1.78,2.07,0.29,16.49,Highly favored,Highly favored,,,
CTC,Leucine,L,0.52,0.6,0.08,14.47,Highly unfavored,Unfavored,UP,,
CTA,Leucine,L,0.63,0.44,-0.2,-31.23,Unfavored,Highly unfavored,DOWN,,
CTG,Leucine,L,0.22,0.22,0,-1.14,Highly unfavored,Highly unfavored,,,
AAA,Lysine,K,1.27,1.28,0.01,1.06,Favored,Favored,,,
AAG,Lysine,K,0.73,0.72,-0.01,-1.85,Unfavored,Unfavored,,,
ATG,Methionine,M,1,1,0,0,Stable,Stable,,,
TTT,Phenylalanine,F,1.5,1.51,0.01,0.69,Favored,Favored,,,
TTC,Phenylalanine,F,0.5,0.49,-0.01,-2.1,Highly unfavored,Highly unfavored,,,
CCT,Proline,P,2.11,1.93,-0.18,-8.62,Highly favored,Highly favored,,,
CCC,Proline,P,0.25,0.21,-0.03,-12.68,Highly unfavored,Highly unfavored,,,
CCA,Proline,P,1.55,1.79,0.24,15.5,Favored,Highly favored,UP,,
CCG,Proline,P,0.1,0.07,-0.03,-27.23,Highly unfavored,Highly unfavored,,,
TCT,Serine,S,1.98,2.16,0.18,9.11,Highly favored,Highly favored,,,
TCC,Serine,S,0.43,0.6,0.17,40,Highly unfavored,Unfavored,UP,,
TCA,Serine,S,1.67,1.62,-0.05,-3.2,Highly favored,Highly favored,,,
TCG,Serine,S,0.1,0.18,0.08,76.4,Highly unfavored,Highly unfavored,,,
AGT,Serine,S,1.55,1.08,-0.47,-30.37,Favored,Stable,DOWN,,
AGC,Serine,S,0.27,0.36,0.09,35.69,Highly unfavored,Highly unfavored,,,
ACT,Threonine,T,1.84,1.73,-0.11,-5.96,Highly favored,Highly favored,,,
ACC,Threonine,T,0.36,0.41,0.05,13.4,Highly unfavored,Highly unfavored,,,
ACA,Threonine,T,1.65,1.65,0,-0.27,Highly favored,Highly favored,,,
ACG,Threonine,T,0.14,0.21,0.07,46.48,Highly unfavored,Highly unfavored,,,
TGG,Tryptophan,W,1,1,0,0,Stable,Stable,,,
TAT,Tyrosine,Y,1.15,1.56,0.41,36.12,Favored,Favored,,,
TAC,Tyrosine,Y,0.85,0.44,-0.41,-48.74,Unfavored,Highly unfavored,DOWN,,
GTT,Valine,V,2.07,2,-0.07,-3.4,Highly favored,Highly favored,,,
GTC,Valine,V,0.47,0.86,0.4,85.28,Highly unfavored,Unfavored,UP,,
GTA,Valine,V,0.85,0.64,-0.21,-24.74,Unfavored,Unfavored,,,
GTG,Valine,V,0.62,0.5,-0.12,-19.08,Unfavored,Highly unfavored,DOWN,,
TAA,STOP,_,3,1.5,-1.5,-50,Highly favored,Favored,DOWN,,
TAG,STOP,_,0,0,0,0,Highly unfavored,Highly unfavored,,,
TGA,STOP,_,0,1.5,1.5,0,Highly unfavored,Favored,UP,,