Codon,AA_Name,AA_Code,Count,Total_AA_Count,Num_Synonyms,Percentage,RSCU
GCT,Alanine,A,41.0,77.0,4,53.25,2.13
GCC,Alanine,A,8.0,77.0,4,10.39,0.42
GCA,Alanine,A,26.0,77.0,4,33.77,1.35
GCG,Alanine,A,2.0,77.0,4,2.6,0.1
CGT,Arginine,R,11.0,41.0,6,26.83,1.61
CGC,Arginine,R,1.0,41.0,6,2.44,0.15
CGA,Arginine,R,1.0,41.0,6,2.44,0.15
CGG,Arginine,R,2.0,41.0,6,4.88,0.29
AGA,Arginine,R,16.0,41.0,6,39.02,2.34
AGG,Arginine,R,10.0,41.0,6,24.39,1.46
AAT,Asparagine,N,50.0,85.0,2,58.82,1.18
AAC,Asparagine,N,35.0,85.0,2,41.18,0.82
GAT,Aspartic_Acid,D,43.0,62.0,2,69.35,1.39
GAC,Aspartic_Acid,D,19.0,62.0,2,30.65,0.61
TGT,Cysteine,C,28.0,40.0,2,70.0,1.4
TGC,Cysteine,C,12.0,40.0,2,30.0,0.6
CAA,Glutamine,Q,44.0,59.0,2,74.58,1.49
CAG,Glutamine,Q,15.0,59.0,2,25.42,0.51
GAA,Glutamic_Acid,E,37.0,50.0,2,74.0,1.48
GAG,Glutamic_Acid,E,13.0,50.0,2,26.0,0.52
GGT,Glycine,G,45.0,82.0,4,54.88,2.2
GGC,Glycine,G,15.0,82.0,4,18.29,0.73
GGA,Glycine,G,18.0,82.0,4,21.95,0.88
GGG,Glycine,G,4.0,82.0,4,4.88,0.2
CAT,Histidine,H,12.0,17.0,2,70.59,1.41
CAC,Histidine,H,5.0,17.0,2,29.41,0.59
ATT,Isoleucine,I,44.0,78.0,3,56.41,1.69
ATC,Isoleucine,I,15.0,78.0,3,19.23,0.58
ATA,Isoleucine,I,19.0,78.0,3,24.36,0.73
TTA,Leucine,L,29.0,110.0,6,26.36,1.58
TTG,Leucine,L,20.0,110.0,6,18.18,1.09
CTT,Leucine,L,38.0,110.0,6,34.55,2.07
CTC,Leucine,L,11.0,110.0,6,10.0,0.6
CTA,Leucine,L,8.0,110.0,6,7.27,0.44
CTG,Leucine,L,4.0,110.0,6,3.64,0.22
AAA,Lysine,K,43.0,67.0,2,64.18,1.28
AAG,Lysine,K,24.0,67.0,2,35.82,0.72
ATG,Methionine,M,14.0,14.0,1,100.0,1.0
TTT,Phenylalanine,F,59.0,78.0,2,75.64,1.51
TTC,Phenylalanine,F,19.0,78.0,2,24.36,0.49
CCT,Proline,P,27.0,56.0,4,48.21,1.93
CCC,Proline,P,3.0,56.0,4,5.36,0.21
CCA,Proline,P,25.0,56.0,4,44.64,1.79
CCG,Proline,P,1.0,56.0,4,1.79,0.07
TCT,Serine,S,36.0,100.0,6,36.0,2.16
TCC,Serine,S,10.0,100.0,6,10.0,0.6
TCA,Serine,S,27.0,100.0,6,27.0,1.62
TCG,Serine,S,3.0,100.0,6,3.0,0.18
AGT,Serine,S,18.0,100.0,6,18.0,1.08
AGC,Serine,S,6.0,100.0,6,6.0,0.36
ACT,Threonine,T,42.0,97.0,4,43.3,1.73
ACC,Threonine,T,10.0,97.0,4,10.31,0.41
ACA,Threonine,T,40.0,97.0,4,41.24,1.65
ACG,Threonine,T,5.0,97.0,4,5.15,0.21
TGG,Tryptophan,W,14.0,14.0,1,100.0,1.0
TAT,Tyrosine,Y,43.0,55.0,2,78.18,1.56
TAC,Tyrosine,Y,12.0,55.0,2,21.82,0.44
GTT,Valine,V,44.0,88.0,4,50.0,2.0
GTC,Valine,V,19.0,88.0,4,21.59,0.86
GTA,Valine,V,14.0,88.0,4,15.91,0.64
GTG,Valine,V,11.0,88.0,4,12.5,0.5
TAA,STOP,_,2.0,4.0,3,50.0,1.5
TAG,STOP,_,0.0,4.0,3,0.0,0.0
TGA,STOP,_,2.0,4.0,3,50.0,1.5
