Codon,AA_Name,AA_Code,Count,Total_AA_Count,Percentage,RSCU
GCT,Alanine,A,6,30,20.00%,0.80
GCC,Alanine,A,7,30,23.33%,0.93
GCA,Alanine,A,15,30,50.00%,2.00
GCG,Alanine,A,2,30,6.67%,0.27
CGT,Arginine,R,0,19,0.00%,0.00
CGC,Arginine,R,0,19,0.00%,0.00
CGA,Arginine,R,0,19,0.00%,0.00
CGG,Arginine,R,0,19,0.00%,0.00
AGA,Arginine,R,11,19,57.89%,3.47
AGG,Arginine,R,8,19,42.11%,2.53
AAT,Asparagine,N,28,46,60.87%,1.22
AAC,Asparagine,N,18,46,39.13%,0.78
GAT,Aspartic_Acid,D,10,23,43.48%,0.87
GAC,Aspartic_Acid,D,13,23,56.52%,1.13
TGT,Cysteine,C,9,15,60.00%,1.20
TGC,Cysteine,C,6,15,40.00%,0.80
CAA,Glutamine,Q,6,15,40.00%,0.80
CAG,Glutamine,Q,9,15,60.00%,1.20
GAA,Glutamic_Acid,E,21,36,58.33%,1.17
GAG,Glutamic_Acid,E,15,36,41.67%,0.83
GGT,Glycine,G,7,41,17.07%,0.68
GGC,Glycine,G,4,41,9.76%,0.39
GGA,Glycine,G,17,41,41.46%,1.66
GGG,Glycine,G,13,41,31.71%,1.27
CAT,Histidine,H,10,14,71.43%,1.43
CAC,Histidine,H,4,14,28.57%,0.57
ATT,Isoleucine,I,13,30,43.33%,1.30
ATC,Isoleucine,I,7,30,23.33%,0.70
ATA,Isoleucine,I,10,30,33.33%,1.00
TTA,Leucine,L,5,49,10.20%,0.61
TTG,Leucine,L,10,49,20.41%,1.22
CTT,Leucine,L,4,49,8.16%,0.49
CTC,Leucine,L,4,49,8.16%,0.49
CTA,Leucine,L,15,49,30.61%,1.84
CTG,Leucine,L,11,49,22.45%,1.35
AAA,Lysine,K,30,43,69.77%,1.40
AAG,Lysine,K,13,43,30.23%,0.60
ATG,Methionine,M,10,10,100.00%,1.00
TTT,Phenylalanine,F,12,20,60.00%,1.20
TTC,Phenylalanine,F,8,20,40.00%,0.80
CCT,Proline,P,3,19,15.79%,0.63
CCC,Proline,P,3,19,15.79%,0.63
CCA,Proline,P,9,19,47.37%,1.89
CCG,Proline,P,4,19,21.05%,0.84
TCT,Serine,S,7,50,14.00%,0.84
TCC,Serine,S,8,50,16.00%,0.96
TCA,Serine,S,19,50,38.00%,2.28
TCG,Serine,S,2,50,4.00%,0.24
AGT,Serine,S,8,50,16.00%,0.96
AGC,Serine,S,6,50,12.00%,0.72
ACT,Threonine,T,4,34,11.76%,0.47
ACC,Threonine,T,8,34,23.53%,0.94
ACA,Threonine,T,19,34,55.88%,2.24
ACG,Threonine,T,3,34,8.82%,0.35
TGG,Tryptophan,W,10,10,100.00%,1.00
TAT,Tyrosine,Y,17,26,65.38%,1.31
TAC,Tyrosine,Y,9,26,34.62%,0.69
GTT,Valine,V,8,36,22.22%,0.89
GTC,Valine,V,8,36,22.22%,0.89
GTA,Valine,V,13,36,36.11%,1.44
GTG,Valine,V,7,36,19.44%,0.78
TAA,STOP,_,1,1,100.00%,3.00
TAG,STOP,_,0,1,0.00%,0.00
TGA,STOP,_,0,1,0.00%,0.00
